name,date
MK114118_1,1976
MK028855_1,1995
MH121168_1,1976
MH121166_1,1976
MH121165_1,1995
MH121164_1,1995
MH121161_1,2014
MG572235_1,1995-05-04
MG572234_1,2014-03-17
MG572233_1,2014-03-20
MG572232_1,2014-03-19
MG572231_1,2014-03-17
MG572230_1,2014-03-20
MG572229_1,2014-03-19
KT013256_4,2014-03-20
KT013259_3,2014-03-17
KT013258_3,2014-03-17
KT013257_3,2014-03-20
KT013255_3,2014-03-19
KT013254_3,2014-03-19
MH425138_1,2014-08-09
MK731994_1,2018-08-14
MK731993_1,2018-08-11
MK731992_1,2018-08-20
MK731991_1,2018-08-11
MK731990_1,2018-08-17
MK731989_1,2018-08-16
MK731988_1,2018-08-13
MK731987_1,2018-08-11
MK731986_1,2018-08-16
MK731985_1,2018-08-13
MK731984_1,2018-08-11
MK163675_1,2018-09-05
MK163674_1,2018-09-04
MK163673_1,2018-09-03
MK163672_1,2018-09-01
MK163671_1,2018-08-31
MK163670_1,2018-08-31
MK163669_1,2018-08-31
MK163668_1,2018-08-30
MK163667_1,2018-08-29
MK163666_1,2018-08-25
MK163665_1,2018-08-25
MK163664_1,2018-08-25
MK163663_1,2018-08-24
MK163662_1,2018-08-23
MK163661_1,2018-08-19
MK163660_1,2018-08-11
MK163659_1,2018-08-11
MK163658_1,2018-08-11
MK163657_1,2018-08-11
MK163656_1,2018-08-11
MK163655_1,2018-08-11
MK163654_1,2018-08-11
MK163653_1,2018-08-11
MK163652_1,2018-08-11
MK163651_1,2018-08-10
MK163650_1,2018-08-08
MK163649_1,2018-08-08
MK163648_1,2018-08-06
MK163647_1,2018-08-04
MK163646_1,2018-08-03
MK163645_1,2018-08-03
MK163644_1,2018-08-03
MK088515_1,2017-05-01
MK088510_1,2018-08-14
KU296846_1,2015-05-31
KU296845_1,2014-12-23
KU296844_1,2015-04-04
KU296843_1,2015-06-28
KU296842_1,2015-02-24
KU296841_1,2015-03-12
KU296840_1,2015-03-03
KU296839_1,2015-01-12
KU296838_1,2015-07-10
KU296837_1,2015-05-29
KU296836_1,2015-01-04
KU296835_1,2014-12-24
KU296834_1,2015-01-11
KU296833_1,2015-02-22
KU296832_1,2015-02-25
KU296831_1,2015-04-29
KU296830_1,2015-06-19
KU296829_1,2015-03-03
KU296828_1,2015-03-01
KU296827_1,2015-03-03
KU296826_1,2015-01-05
KU296825_1,2014-12-27
KU296824_1,2014-12-30
KU296823_1,2015-02-02
KU296822_1,2015-06-28
KU296821_1,2015-09-07
KU296820_1,2014-12-30
KU296819_1,2015-05-27
KU296818_1,2015-02-26
KU296817_1,2015-02-03
KU296816_1,2015-01-03
KU296815_1,2015-01-11
KU296814_1,2014-12-28
KU296813_1,2015-01-21
KU296812_1,2014-12-02
KU296811_1,2015-01-25
KU296810_1,2015-02-25
KU296809_1,2015-02-24
KU296808_1,2015-01-01
KU296807_1,2015-01-08
KU296806_1,2015-01-03
KU296805_1,2015-01-24
KU296804_1,2015-06-09
KU296803_1,2015-03-26
KU296802_1,2015-06-10
KU296801_1,2015-01-04
KU296800_1,2015-03-17
KU296799_1,2015-02-06
KU296798_1,2015-03-14
KU296797_1,2015-01-27
KU296796_1,2015-06-13
KU296795_1,2015-04-04
KU296794_1,2015-01-06
KU296793_1,2015-06-09
KU296792_1,2015-02-06
KU296791_1,2015-01-15
KU296790_1,2015-05-04
KU296789_1,2015-01-05
KU296788_1,2015-02-22
KU296787_1,2015-03-10
KU296786_1,2015-01-19
KU296785_1,2015-01-31
KU296784_1,2015-03-29
KU296783_1,2015-02-23
KU296782_1,2015-03-12
KU296781_1,2015-01-22
KU296780_1,2015-02-18
KU296779_1,2015-01-06
KU296778_1,2014-12-16
KU296777_1,2015-01-02
KU296776_1,2014-12-09
KU296775_1,2015-08-28
KU296774_1,2014-12-02
KU296773_1,2015-01-29
KU296772_1,2015-01-14
KU296771_1,2015-03-11
KU296770_1,2014-12-21
KU296769_1,2015-04-19
KU296768_1,2015-04-04
KU296767_1,2015-01-09
KU296766_1,2015-03-15
KU296765_1,2015-02-11
KU296764_1,2015-03-24
KU296763_1,2015-04-19
KU296762_1,2014-12-02
KU296761_1,2014-12-30
KU296760_1,2015-02-25
KU296759_1,2015-02-25
KU296758_1,2015-01-06
KU296757_1,2015-05-15
KU296756_1,2015-01-11
KU296755_1,2015-02-13
KU296754_1,2015-03-10
KU296753_1,2015-06-04
KU296752_1,2015-02-28
KU296751_1,2015-02-08
KU296750_1,2015-02-21
KU296749_1,2015-03-03
KU296748_1,2015-01-05
KU296747_1,2015-02-02
KU296746_1,2015-01-30
KU296745_1,2015-02-10
KU296744_1,2015-03-24
KU296743_1,2015-04-11
KU296742_1,2015-01-11
KU296741_1,2015-02-10
KU296740_1,2015-05-27
KU296739_1,2015-01-15
KU296738_1,2014-12-10
KU296737_1,2015-04-25
KU296736_1,2015-02-22
KU296735_1,2014-12-02
KU296734_1,2015-01-04
KU296733_1,2015-01-02
KU296732_1,2015-05-18
KU296731_1,2015-01-22
KU296730_1,2015-01-16
KU296729_1,2015-04-15
KU296728_1,2015-02-12
KU296727_1,2015-07-04
KU296726_1,2014-12-13
KU296725_1,2015-03-10
KU296724_1,2015-03-13
KU296723_1,2015-04-15
KU296722_1,2015-02-10
KU296721_1,2015-02-09
KU296720_1,2015-03-04
KU296719_1,2015-02-24
KU296718_1,2014-12-21
KU296717_1,2014-12-27
KU296716_1,2015-01-16
KU296715_1,2015-07-05
KU296714_1,2015-01-18
KU296713_1,2015-03-07
KU296712_1,2015-06-06
KU296710_1,2015-01-06
KU296709_1,2014-12-12
KU296708_1,2015-02-09
KU296707_1,2015-02-06
KU296706_1,2015-01-05
KU296705_1,2014-12-08
KU296704_1,2015-03-07
KU296703_1,2015-03-05
KU296702_1,2015-03-01
KU296701_1,2015-07-09
KU296700_1,2015-01-03
KU296699_1,2015-03-31
KU296698_1,2015-01-29
KU296697_1,2015-02-21
KU296696_1,2015-01-10
KU296695_1,2015-03-05
KU296694_1,2015-02-28
KU296693_1,2015-02-06
KU296692_1,2015-03-23
KU296691_1,2014-12-22
KU296690_1,2015-07-05
KU296689_1,2015-03-12
KU296688_1,2015-03-14
KU296687_1,2015-01-29
KU296686_1,2015-02-25
KU296685_1,2015-06-01
KU296684_1,2015-07-23
KU296683_1,2015-02-09
KU296682_1,2015-03-19
KU296681_1,2014-12-28
KU296680_1,2015-02-27
KU296679_1,2015-02-12
KU296678_1,2015-01-20
KU296677_1,2015-03-05
KU296676_1,2015-02-26
KU296675_1,2014-12-22
KU296674_1,2015-02-02
KU296673_1,2015-05-31
KU296672_1,2015-01-14
KU296671_1,2015-04-15
KU296670_1,2015-01-24
KU296669_1,2015-02-02
KU296668_1,2015-06-07
KU296667_1,2015-06-12
KU296666_1,2015-06-22
KU296665_1,2015-05-18
KU296664_1,2015-01-11
KU296663_1,2014-12-31
KU296662_1,2015-01-29
KU296661_1,2015-02-11
KU296660_1,2015-03-14
KU296659_1,2015-01-31
KU296658_1,2015-03-03
KU296657_1,2015-02-25
KU296656_1,2015-01-10
KU296655_1,2015-01-20
KU296654_1,2015-09-09
KU296653_1,2015-03-24
KU296652_1,2015-02-25
KU296651_1,2015-04-12
KU296650_1,2015-07-12
KU296649_1,2015-06-07
KU296648_1,2015-02-21
KU296647_1,2015-02-18
KU296646_1,2015-02-01
KU296645_1,2015-02-28
KU296644_1,2015-01-10
KU296643_1,2015-02-27
KU296642_1,2015-02-26
KU296641_1,2015-03-04
KU296640_1,2015-02-24
KU296639_1,2015-04-23
KU296638_1,2015-03-22
KU296637_1,2015-01-22
KU296636_1,2015-01-05
KU296635_1,2015-02-10
KU296634_1,2015-01-18
KU296633_1,2015-03-16
KU296632_1,2015-02-14
KU296631_1,2015-02-08
KU296630_1,2014-12-22
KU296629_1,2015-01-01
KU296627_1,2015-03-19
KU296626_1,2015-02-26
KU296625_1,2015-06-06
KU296624_1,2015-03-05
KU296623_1,2015-03-12
KU296622_1,2015-01-31
KU296621_1,2014-12-23
KU296620_1,2015-01-07
KU296619_1,2015-02-05
KU296618_1,2015-06-21
KU296617_1,2015-05-29
KU296616_1,2015-02-23
KU296615_1,2015-03-02
KU296614_1,2015-04-11
KU296613_1,2015-03-07
KU296612_1,2015-03-23
KU296611_1,2015-01-24
KU296610_1,2015-01-01
KU296609_1,2015-01-25
KU296608_1,2015-02-03
KU296607_1,2015-02-02
KU296606_1,2014-12-22
KU296605_1,2015-01-15
KU296604_1,2015-02-28
KU296603_1,2015-06-23
KU296602_1,2015-01-15
KU296601_1,2015-02-22
KU296600_1,2015-06-06
KU296599_1,2015-07-14
KU296598_1,2015-03-10
KU296597_1,2015-02-05
KU296596_1,2015-01-15
KU296595_1,2015-03-06
KU296594_1,2015-02-15
KU296593_1,2015-01-23
KU296592_1,2015-06-04
KU296591_1,2015-03-23
KU296590_1,2015-03-07
KU296589_1,2015-06-08
KU296588_1,2015-01-30
KU296587_1,2015-02-01
KU296586_1,2015-02-24
KU296585_1,2015-07-10
KU296584_1,2015-01-22
KU296583_1,2015-02-25
KU296582_1,2015-01-12
KU296581_1,2015-01-17
KU296580_1,2015-07-07
KU296579_1,2015-01-05
KU296578_1,2015-02-25
KU296577_1,2015-03-03
KU296576_1,2015-02-09
KU296575_1,2015-04-16
KU296574_1,2015-03-20
KU296573_1,2015-03-07
KU296572_1,2015-01-10
KU296571_1,2015-06-12
KU296570_1,2015-02-03
KU296569_1,2015-01-10
KU296568_1,2015-02-02
KU296567_1,2015-03-01
KU296566_1,2015-07-09
KU296565_1,2015-03-26
KU296564_1,2015-01-16
KU296563_1,2015-01-10
KU296562_1,2015-02-25
KU296561_1,2015-05-04
KU296560_1,2015-04-18
KU296559_1,2015-04-08
KU296558_1,2015-01-08
KU296557_1,2015-02-20
KU296556_1,2015-06-06
KU296555_1,2015-06-30
KU296554_1,2014-12-23
KU296553_1,2015-02-16
KU296552_1,2015-02-26
KU296551_1,2014-12-08
KU296550_1,2015-04-06
KU296549_1,2015-02-04
KU296548_1,2015-03-20
KU296547_1,2015-03-18
KU296546_1,2015-01-21
KU296545_1,2014-12-21
KU296544_1,2015-06-16
KU296543_1,2015-06-16
KU296542_1,2015-02-25
KU296541_1,2015-04-18
KU296540_1,2015-01-03
KU296539_1,2015-01-26
KU296538_1,2015-03-02
KU296537_1,2015-01-05
KU296536_1,2015-02-23
KU296535_1,2015-03-23
KU296534_1,2015-01-05
KU296533_1,2015-01-03
KU296532_1,2015-03-27
KU296531_1,2015-02-22
KU296530_1,2015-01-12
KU296529_1,2015-02-28
KU296528_1,2015-01-11
KU296527_1,2015-03-16
KU296526_1,2015-02-12
KU296525_1,2015-02-22
KU296524_1,2015-01-29
KU296523_1,2015-05-01
KU296522_1,2015-07-12
KU296521_1,2015-03-22
KU296520_1,2015-04-06
KU296519_1,2015-02-13
KU296518_1,2015-04-21
KU296517_1,2015-02-21
KU296516_1,2015-01-03
KU296515_1,2015-01-22
KU296514_1,2015-03-19
KU296513_1,2015-03-13
KU296512_1,2015-01-08
KU296511_1,2015-02-23
KU296510_1,2014-12-23
KU296509_1,2015-03-03
KU296508_1,2015-01-03
KU296507_1,2015-01-08
KU296505_1,2015-01-21
KU296504_1,2015-05-13
KU296503_1,2015-03-14
KU296502_1,2015-07-31
KU296501_1,2015-03-02
KU296500_1,2015-01-05
KU296499_1,2015-02-03
KU296498_1,2015-05-27
KU296497_1,2015-01-05
KU296496_1,2014-12-22
KU296495_1,2015-01-23
KU296494_1,2015-02-24
KU296493_1,2015-03-10
KU296492_1,2015-02-13
KU296491_1,2015-01-29
KU296490_1,2015-03-29
KU296489_1,2015-03-21
KU296488_1,2015-05-29
KU296487_1,2015-09-06
KU296486_1,2015-06-04
KU296485_1,2015-02-26
KU296484_1,2015-05-15
KU296483_1,2015-03-26
KU296482_1,2015-01-19
KU296481_1,2015-03-07
KU296480_1,2014-12-22
KU296479_1,2015-01-10
KU296478_1,2015-02-28
KU296477_1,2014-12-30
KU296476_1,2015-02-27
KU296475_1,2015-03-16
KU296474_1,2015-03-14
KU296473_1,2015-02-10
KU296472_1,2015-01-24
KU296471_1,2015-02-28
KU296470_1,2015-01-19
KU296469_1,2015-02-26
KU296468_1,2015-04-03
KU296467_1,2015-02-11
KU296466_1,2015-02-26
KU296465_1,2014-12-05
KU296464_1,2015-01-17
KU296463_1,2015-03-10
KU296462_1,2015-09-04
KU296461_1,2015-03-16
KU296460_1,2015-07-08
KU296459_1,2015-04-20
KU296458_1,2015-01-08
KU296457_1,2015-02-07
KU296456_1,2015-07-10
KU296455_1,2015-09-07
KU296454_1,2015-09-12
KU296453_1,2014-12-21
KU296452_1,2015-03-07
KU296451_1,2015-03-10
KU296450_1,2015-04-23
KU296449_1,2015-03-21
KU296448_1,2014-12-26
KU296447_1,2015-02-05
KU296446_1,2015-06-25
KU296445_1,2015-03-14
KU296444_1,2015-02-25
KU296443_1,2015-02-21
KU296442_1,2015-06-09
KU296441_1,2015-02-08
KU296440_1,2015-06-24
KU296439_1,2015-03-24
KU296438_1,2015-04-30
KU296437_1,2015-03-16
KU296436_1,2014-12-26
KU296435_1,2015-01-08
KU296434_1,2015-01-04
KU296433_1,2015-01-28
KU296432_1,2015-01-02
KU296431_1,2015-01-03
KU296430_1,2015-06-24
KU296429_1,2015-01-13
KU296428_1,2015-06-18
KU296427_1,2015-02-03
KU296426_1,2015-06-06
KU296425_1,2015-03-04
KU296424_1,2015-09-06
KU296423_1,2015-05-03
KU296422_1,2015-06-08
KU296421_1,2015-03-22
KU296420_1,2015-01-21
KU296419_1,2015-03-16
KU296418_1,2015-03-07
KU296417_1,2015-06-08
KU296416_1,2015-02-07
KU296415_1,2015-03-26
KU296414_1,2015-06-08
KU296413_1,2014-12-21
KU296412_1,2015-03-20
KU296411_1,2015-02-22
KU296410_1,2015-01-05
KU296409_1,2015-01-25
KU296408_1,2015-01-24
KU296407_1,2015-01-19
KU296406_1,2014-12-21
KU296405_1,2015-03-08
KU296404_1,2015-07-03
KU296403_1,2015-01-04
KU296402_1,2015-03-08
KU296401_1,2015-07-13
KU296400_1,2015-01-10
KU296399_1,2015-06-08
KU296398_1,2014-12-22
KU296397_1,2015-02-25
KU296396_1,2015-03-23
KU296395_1,2015-01-07
KU296394_1,2015-03-06
KU296393_1,2015-03-12
KU296392_1,2015-04-18
KU296391_1,2015-02-11
KU296390_1,2015-03-16
KU296389_1,2015-03-08
KU296388_1,2015-02-12
KU296387_1,2015-01-12
KU296386_1,2015-01-14
KU296385_1,2015-06-03
KU296384_1,2015-01-10
KU296383_1,2015-02-21
KU296382_1,2015-01-20
KU296381_1,2015-01-09
KU296380_1,2015-01-07
KU296379_1,2014-12-23
KU296378_1,2015-01-11
KU296377_1,2015-01-22
KU296376_1,2015-01-06
KU296375_1,2015-01-26
KU296374_1,2015-03-09
KU296373_1,2014-12-31
KU296372_1,2015-01-22
KU296371_1,2015-07-13
KU296370_1,2015-07-10
KU296369_1,2015-02-23
KU296367_1,2015-01-08
KU296366_1,2015-02-23
KU296365_1,2015-01-14
KU296364_1,2015-01-08
KU296363_1,2015-02-25
KU296362_1,2015-02-26
KU296361_1,2015-01-08
KU296360_1,2015-02-27
KU296359_1,2015-01-11
KU296358_1,2015-01-11
KU296357_1,2015-07-08
KU296356_1,2015-01-06
KU296355_1,2015-02-25
KU296354_1,2015-01-20
KU296353_1,2015-06-14
KU296352_1,2015-02-24
KU296351_1,2015-03-01
KU296350_1,2015-01-13
KU296349_1,2015-03-03
KU296348_1,2015-07-08
KU296347_1,2015-02-24
KU296346_1,2015-03-01
KU296345_1,2015-04-27
KU296344_1,2015-01-15
KU296343_1,2015-01-04
KU296342_1,2015-07-06
KU296341_1,2015-01-21
KU296340_1,2015-06-16
KU296339_1,2014-12-28
KU296338_1,2015-02-20
KU296337_1,2015-06-04
KU296336_1,2015-02-25
KU296335_1,2014-12-28
KU296334_1,2015-01-05
KU296333_1,2015-01-19
KU296332_1,2014-12-28
KU296331_1,2015-01-16
KU296330_1,2015-02-25
KU296329_1,2015-01-08
KU296328_1,2015-01-09
KU296327_1,2015-06-09
KU296326_1,2015-06-10
KU296325_1,2015-06-29
KU296324_1,2015-01-30
KU296323_1,2015-01-05
KU296322_1,2015-06-02
KU296321_1,2015-07-18
KU296320_1,2014-12-21
KU296319_1,2015-07-16
KU296318_1,2015-04-29
KU296317_1,2015-01-26
KU296316_1,2015-01-10
KU296315_1,2015-01-10
KU296314_1,2015-02-08
KU296313_1,2015-08-01
KU296312_1,2015-01-07
KU296311_1,2015-03-02
KU296310_1,2015-02-22
KU296309_1,2015-01-08
KU296308_1,2015-04-13
KU296307_1,2015-03-20
KU296306_1,2015-07-05
KU296305_1,2015-02-28
KU296304_1,2015-01-31
KU296303_1,2015-01-10
KU296302_1,2015-02-14
KU296301_1,2015-01-17
KU296300_1,2015-03-10
KU296299_1,2015-03-02
KU296298_1,2015-04-19
KU296297_1,2015-02-21
KU296296_1,2015-01-09
KU296295_1,2015-02-11
KU296294_1,2015-01-29
KU296293_1,2015-01-01
MK007344_1,2018-08-16
MK007343_1,2018-08-15
MK007342_1,2018-08-15
MK007341_1,2018-08-14
MK007340_1,2018-08-14
MK007339_1,2018-08-14
MK007338_1,2018-08-14
MK007337_1,2018-08-14
MK007336_1,2018-08-13
MK007335_1,2018-08-13
MK007334_1,2018-08-13
MK007333_1,2018-08-12
MK007332_1,2018-08-12
MK007331_1,2018-08-12
MK007330_1,2018-07-28
MK007329_1,2018-07-27
MH898466_1,2018-05-11
MH733491_1,2018-06-06
MH733490_1,2018-05-28
MH733489_1,2018-05-22
MH733488_1,2018-05-21
MH733487_1,2018-05-19
MH733486_1,2018-05-20
MH733485_1,2018-05-19
MH733484_1,2018-05-19
MH733483_1,2018-05-18
MH733482_1,2018-05-17
MH733481_1,2018-05-17
MH733480_1,2018-05-15
MH733479_1,2018-05-15
MH733478_1,2018-05-11
MH733477_1,2018-05-10
KY786027_1,2001
KY786026_1,2001
KY786025_1,2001
KY786024_1,2001
KY786023_1,2001
KY786022_1,2001
KY786021_1,2001
KY786020_1,2001
KY786019_1,2001
KY786018_1,2001
KY786017_1,2001
KY786016_1,2001
KY786015_1,2001
KY786014_1,2001
KY786013_1,2001
KY786012_1,2001
KY786011_1,2001
KY786010_1,2001
KY786009_1,2001
KY786008_1,2001
KY786007_1,2001
KY786006_1,2001
KY786005_1,2001
KY786004_1,2001
KY786003_1,2001
KY786002_1,2001
KY786001_1,2001
KY786000_1,2001
KY785999_1,2001
KY785998_1,2001
KY785997_1,2001
KY785996_1,2001
KY785995_1,2001
KY785994_1,2001
KY785993_1,2001
KY785992_1,2001
KY785991_1,2001
KY785990_1,2001
KY785989_1,2001
KY785988_1,2001
KY785987_1,2001
KY785986_1,2001
KY785985_1,2001
KY785984_1,2001
KY785983_1,2001
KY785982_1,2001
KY785981_1,2001
KY785980_1,2001
KY785979_1,2001
KY785978_1,2001
KY785977_1,2001
KY785976_1,2001
KY785975_1,2001
KY785974_1,2001
KY785973_1,2001
KY785972_1,2001
KY785971_1,2001
KY785970_1,2001
KY785969_1,2001
KY785968_1,2001
KY785967_1,2001
KY785966_1,2001
KY785965_1,2001
KY785964_1,2001
KY785963_1,2001
KY785962_1,2001
KY785961_1,2001
KY785960_1,2001
KY785959_1,2001
KY785958_1,2001
KY785957_1,2001
KY785956_1,2001
KY785955_1,2001
KY785954_1,2001
KY785953_1,2001
KY785952_1,2001
KY785951_1,2001
KY785950_1,2001
KY785949_1,2001
KY785948_1,2001
KY785947_1,2001
KY785946_1,2001
KY785945_1,2001
KY785944_1,2001
KY785943_1,2001
KY785942_1,2001
KY785941_1,2001
KY785940_1,2001
KY785939_1,2001
KY785938_1,2001
KY785937_1,2001
KY785936_1,2001
MH470382_1,2015-03-17
MH470381_1,2015-07-17
MH470380_1,2015-07-16
MH470379_1,2015-06-20
MH470378_1,2015-06-20
MH470377_1,2015-06-21
MH470376_1,2015-06-21
MH470375_1,2015-06-22
MH470374_1,2015-07-01
MH470373_1,2015-07-01
KT589390_1,2014-09-17
KT589389_1,2014-09-07
MF599522_1,2015-03-30
MF599521_1,2015-03-24
MF599520_1,2015-03-24
MF599519_1,2015-03-21
MF599518_1,2015-05-26
MF599517_1,2015-05-30
MF599516_1,2015-05-26
MF599515_1,2015-05-22
MF599514_1,2015-05-20
MF599513_1,2015-03-16
MF599512_1,2015-03-16
MF599511_1,2015-04-21
MF599510_1,2015-04-21
MF599509_1,2015-04-11
MF599508_1,2015-04-06
MF599507_1,2015-03-25
MF599506_1,2015-03-17
MF599505_1,2015-05-02
MF599504_1,2015-05-04
KY426712_1,2015
KU156715_1,2014-06-18
KU156714_1,2014-06-18
KY007525_1,2016-04-07
KY007524_1,2016-04-05
KY007523_1,2016-04-01
KY007522_1,2016-04-01
MF102255_1,2015-04
KY426733_1,2015
KY426732_1,2015
KY426731_1,2015
KY426730_1,2015
KY426729_1,2015
KY426728_1,2015
KY426727_1,2015
KY426726_1,2015
KY426725_1,2015
KY426724_1,2015
KY426723_1,2015
KY426722_1,2015
KY426721_1,2015
KY426720_1,2015
KY426719_1,2015
KY426718_1,2015
KY426717_1,2015
KY426716_1,2015
KY426715_1,2015
KY426714_1,2015
KY426713_1,2015
KY426711_1,2015
KY426710_1,2015
KY426709_1,2015
KY426708_1,2015
KY426707_1,2015
KY426706_1,2015
KY426705_1,2015
KY426704_1,2015
KY426703_1,2015
KY426702_1,2015
KY426701_1,2015
KY426700_1,2015
KY426699_1,2015
KY426698_1,2015
KY426697_1,2015
KY426696_1,2015
KY426695_1,2015
KY426694_1,2015
KY426693_1,2015
KY426692_1,2015
KY426691_1,2015
KY426690_1,2015
KY426689_1,2015
KY426688_1,2015
KY426687_1,2015
KY426686_1,2015
KY426685_1,2015
KY426684_1,2015
KY744597_1,2015-11-20
KY744596_1,2015-11-22
LC152433_1,2015-02
KU978803_1,1995-04-01
KU978802_1,1976-10-01
KU978801_1,2014-03-26
KT725393_1,2014-11-13
KT725392_1,2014-08-19
KT725391_1,2014-10-11
KT725390_1,2014-08-19
KT725389_1,2014-09-29
KT725388_1,2014-07-04
KT725387_1,2014-08-20
KT725386_1,2014-08-15
KT725385_1,2014-09-09
KT725384_1,2015-02-04
KT725383_1,2014-08-17
KT725382_1,2014-08-24
KT725381_1,2014-08-26
KT725380_1,2014-08-17
KT725379_1,2014-09-20
KT725378_1,2014-08-16
KT725377_1,2014-08-17
KT725376_1,2014-09-23
KT725375_1,2014-10-11
KT725374_1,2014-10-05
KT725373_1,2014-09-19
KT725372_1,2014-10-02
KT725371_1,2014-09-19
KT725370_1,2014-11-13
KT725369_1,2014-08-26
KT725368_1,2014-10-01
KT725367_1,2014-08-20
KT725366_1,2014-12-29
KT725365_1,2014-08-20
KT725364_1,2014-08-24
KT725363_1,2014-08-17
KT725362_1,2014-09-20
KT725361_1,2014-10-01
KT725360_1,2014-06-23
KT725359_1,2014-09-23
KT725358_1,2014-10-05
KT725357_1,2014-09-23
KT725356_1,2014-08-27
KT725355_1,2014-08-30
KT725354_1,2014-09-26
KT725353_1,2014-09-20
KT725352_1,2014-09-13
KT725351_1,2014-09-19
KT725350_1,2014-08-17
KT725349_1,2014-08-26
KT725348_1,2014-08-16
KT725347_1,2014-08-26
KT725346_1,2014-08-26
KT725345_1,2014-10-01
KT725344_1,2014-08-16
KT725343_1,2014-09-01
KT725342_1,2014-11-26
KT725341_1,2014-08-26
KT725340_1,2014-09-23
KT725339_1,2014-08-26
KT725338_1,2014-08-20
KT725337_1,2014-08-20
KT725336_1,2014-06-25
KT725335_1,2014-08-18
KT725334_1,2014-09-20
KT725333_1,2014-11-17
KT725332_1,2014-07-01
KT725331_1,2014-08-22
KT725330_1,2014-11-10
KT725329_1,2014-09-19
KT725328_1,2014-11-22
KT725327_1,2014-11-13
KT725326_1,2014-08-26
KT725325_1,2014-09-20
KT725324_1,2014-07-19
KT725323_1,2014-09-29
KT725322_1,2014-07-18
KT725321_1,2014-09-19
KT725320_1,2014-06-24
KT725319_1,2014-09-15
KT725318_1,2014-09-13
KT725317_1,2014-09-09
KT725316_1,2014-08-21
KT725315_1,2014-08-16
KT725314_1,2014-08-04
KT725313_1,2014-10-31
KT725312_1,2014-10-18
KT725311_1,2014-08-10
KT725310_1,2014-10-02
KT725309_1,2014-08-26
KT725308_1,2014-09-20
KT725307_1,2014-09-20
KT725306_1,2014-08-27
KT725305_1,2014-09-26
KT725304_1,2014-09-26
KT725303_1,2014-11-06
KT725302_1,2014-09-26
KT725301_1,2014-09-26
KT725300_1,2014-08-26
KT725299_1,2014-08-10
KT725298_1,2014-09-21
KT725297_1,2014-08-26
KT725296_1,2014-09-13
KT725295_1,2014-09-20
KT725294_1,2014-08-16
KT725293_1,2014-08-19
KT725292_1,2014-08-18
KT725291_1,2014-11-10
KT725290_1,2014-11-28
KT725289_1,2014-09-01
KT725288_1,2014-12-22
KT725287_1,2014-10-14
KT725286_1,2014-08-22
KT725285_1,2014-10-16
KT725284_1,2014-09-29
KT725283_1,2014-08-26
KT725282_1,2014-09-16
KT725281_1,2014-08-27
KT725280_1,2014-11-22
KT725279_1,2014-11-14
KT725278_1,2014-08-16
KT725277_1,2014-07-14
KT725276_1,2014-09-23
KT725275_1,2014-07-11
KT725274_1,2014-11-07
KT725273_1,2014-11-10
KT725272_1,2014-08-22
KT725271_1,2014-09-20
KT725270_1,2014-10-01
KT725269_1,2014-10-02
KT725268_1,2014-10-02
KT725267_1,2014-08-16
KT725266_1,2014-09-15
KT725265_1,2014-09-09
KT725264_1,2014-08-26
KT725263_1,2014-09-09
KT725262_1,2014-06-25
KT725261_1,2014-08-04
KT725260_1,2014-09-07
KT725259_1,2014-08-15
KT725258_1,2014-10-01
KT725257_1,2014-08-16
KT725256_1,2014-08-26
KT725255_1,2014-09-08
KT725254_1,2014-11-10
KY471125_1,2015
KY471124_1,2001
KY471123_1,2015
KY471122_1,2015
KY471121_1,2015
KY471120_1,2015
KY471119_1,2015
KY471118_1,2015
KY471117_1,2015
KY471116_1,2015
KY471115_1,2015
KY471114_1,2015
KY471113_1,2015
KY471112_1,2015
KY471111_1,2015
KY471110_1,2015
KY471109_1,2015
KY471108_1,2015
KY471107_1,2015
KY471106_1,2015
KY471105_1,2015
KY471104_1,2015
KY471103_1,2015
KY471102_1,2015
KY471101_1,2015
KY471100_1,2015
KY471099_1,2015
KY471098_1,2015
KY471097_1,2015
KY471096_1,2015
KY471095_1,2015
KY471094_1,2015
KY471093_1,2015
KY471092_1,2015
KY471091_1,2015
KY471090_1,2015
KY558988_1,2014-08-01
KY558987_1,2014-09-01
KY558986_1,2014-11-01
KY558985_1,2014-09-01
KY558984_1,2014-12-01
KU220282_1,2014-08-25
KU220281_1,2014-08-25
KU220280_1,2014-08-24
KU220279_1,2014-08-24
KU220278_1,2014-08-24
KU220277_1,2014-08-10
KU220276_1,2015-07-12
KU220275_1,2015-07-08
KU220274_1,2015-07-07
KU220273_1,2015-07-07
KU220272_1,2015-07-02
KU220271_1,2015-07-01
KU220270_1,2015-06-30
KU220269_1,2015-06-29
KY366421_1,2015-05
KY366420_1,2015-03
KY366419_1,2015-03
KY366418_1,2015-03
KY366417_1,2015-03
KY366416_1,2015-04
KY366415_1,2015-03
KY366414_1,2015-03
KY366413_1,2015-03
KY366412_1,2015-03
KU143834_1,2014
KU143833_1,2014
KU143832_1,2014
KU143831_1,2014
KU143830_1,2014
KU143829_1,2014
KU143828_1,2014
KU143827_1,2014
KU143826_1,2014
KU143825_1,2014
KU143824_1,2014
KU143823_1,2014
KU143822_1,2014
KU143821_1,2014
KU143820_1,2014
KU143819_1,2014
KU143818_1,2014
KU143817_1,2014
KU143816_1,2014
KU143815_1,2014
KU143814_1,2014
KU143813_1,2014
KU143812_1,2014
KU143811_1,2014
KU143810_1,2014
KU143809_1,2014
KU143808_1,2014
KU143807_1,2014
KU143806_1,2014
KU143805_1,2014
KU143804_1,2014
KU143803_1,2014
KU143802_1,2014
KU143801_1,2014
KU143800_1,2014
KU143799_1,2014
KU143798_1,2014
KU143797_1,2014
KU143796_1,2014
KU143795_1,2014
KU143794_1,2014
KU143793_1,2014
KU143792_1,2014
KU143791_1,2014
KU143790_1,2014
KU143789_1,2014
KU143788_1,2014
KU143787_1,2014
KU143786_1,2014
KU143785_1,2014
KU143784_1,2014
KU143783_1,2014
KU143782_1,2014
KU143781_1,2014
KU143780_1,2014
KU143779_1,2014
KU143778_1,2014
KU143777_1,2014
KU143776_1,2014
KU143775_1,2014
KU321200_1,2012-02-21
KU321164_1,2012-02-21
KU321157_1,2012-02-21
KU321151_1,2012-02-21
KU321146_1,2012-02-21
KU321131_1,2012-02-21
KU321128_1,2012-02-21
KU321114_1,2012-02-21
KU321099_1,2012-02-21
KU321093_1,2012-02-21
KU321086_1,2012-02-21
LT630605_1,2015-08-24
LT630604_1,2015-07-15
LT630602_1,2015-07-15
LT630601_1,2015-07-13
LT630600_1,2015-07-12
LT630599_1,2015-07-12
LT630598_1,2015-07-12
LT630597_1,2015-07-08
LT630596_1,2015-06-20
LT630595_1,2015-06-19
LT630594_1,2015-06-19
LT630593_1,2015-06-19
LT630592_1,2015-06-18
LT630591_1,2015-06-09
LT630590_1,2015-06-08
LT630589_1,2015-06-29
LT630588_1,2015-06-29
LT630587_1,2015-05-27
LT630586_1,2015-05-03
LT630585_1,2015-08-03
LT630584_1,2015-06-16
LT630583_1,2015-05-27
LT630581_1,2015-08-14
LT630580_1,2015-09-26
LT630579_1,2015-09-26
LT630578_1,2015-09-26
LT630577_1,2015-06-05
LT630576_1,2015-06-02
LT630575_1,2015-09-15
LT630574_1,2015-07-13
LT630573_1,2015-08-23
LT630572_1,2015-08-17
LT630571_1,2015-08-13
LT630570_1,2015-08-11
LT630569_1,2015-06-27
LT630568_1,2015-06-21
LT630567_1,2015-06-21
LT630566_1,2015-06-25
LT630565_1,2015-06-20
LT630564_1,2015-07-13
LT630563_1,2015-10-13
LT630562_1,2015-09-15
LT630561_1,2015-09-09
LT630560_1,2015-07-15
LT630559_1,2015-07-10
LT630558_1,2015-07-03
LT630557_1,2015-07-02
LT630556_1,2015-07-01
LT630555_1,2015-07-01
LT630554_1,2015-06-30
LT630553_1,2015-06-29
LT630552_1,2015-06-29
LT630551_1,2015-06-23
LT630550_1,2015-06-20
LT630549_1,2015-06-17
LT630548_1,2015-06-18
LT630547_1,2015-06-15
LT630545_1,2015-06-16
LT630544_1,2015-06-13
LT630543_1,2015-06-12
LT630542_1,2015-06-12
LT630541_1,2015-05-18
LT630540_1,2015-05-14
LT630539_1,2015-04-08
LT630538_1,2015-04-03
LT630537_1,2015-03-29
LT630536_1,2015-03-26
LT630535_1,2015-06-10
LT630534_1,2015-06-07
LT630533_1,2015-06-07
LT630532_1,2015-06-07
LT630531_1,2015-05-31
LT630530_1,2015-05-31
LT630529_1,2015-05-30
LT630528_1,2015-05-29
LT630527_1,2015-05-28
LT630526_1,2015-05-27
LT630525_1,2015-05-25
LT630524_1,2015-05-26
LT630523_1,2015-05-20
LT630522_1,2015-05-19
LT630521_1,2015-05-17
LT630520_1,2015-05-16
LT630519_1,2015-05-14
LT630518_1,2015-05-14
LT630517_1,2015-05-13
LT630516_1,2015-05-12
LT630515_1,2015-05-11
LT630514_1,2015-05-11
LT630513_1,2015-05-06
LT630512_1,2015-05-05
LT630511_1,2015-05-04
LT630510_1,2015-05-04
LT630509_1,2015-05-03
LT630508_1,2015-05-03
LT630507_1,2015-04-20
LT630506_1,2015-04-20
LT630505_1,2015-04-20
LT630504_1,2015-04-20
LT630503_1,2015-04-14
LT630502_1,2015-04-14
LT630501_1,2015-04-07
LT630500_1,2015-04-02
LT630499_1,2015-03-26
LT630498_1,2015-03-26
LT630497_1,2015-03-26
LT630496_1,2015-03-25
LT630495_1,2015-03-22
LT630494_1,2015-03-18
LT630493_1,2015-03-16
LT630491_1,2015-03-12
LT630490_1,2015-03-09
LT630489_1,2015-03-26
KT587346_1,2014-09-05
KT587345_1,2014-09-24
KT587344_1,2015-03-27
KT587343_1,2015-03-20
KX121424_1,2015-04-18
KX121423_1,2015-04-04
KX121422_1,2015-03-02
KX121421_1,2014-12-23
KX121420_1,2014-11-04
KX121419_1,2014-11-02
KX121194_1,2016-01-20
KX121193_1,2016-01-12
KX013101_1,2014-07-22
KX013100_1,2014-08-08
KX013099_1,2014-08-04
KX013098_1,2014-08-06
KX013097_1,2014-08-05
KX013096_1,2014-08-15
KX013095_1,2014-09-01
KX013094_1,2014-08-06
KX013093_1,2014-08-06
KX013092_1,2014-08-04
KX013091_1,2014-08-05
KX013090_1,2014-08-06
KU220284_1,2015-01-16
KU220283_1,2014-12-30
KX009912_1,2014-11-25
KX009911_1,2014-11-25
KX009910_1,2014-11-25
KX009909_1,2014-11-23
KX009908_1,2014-11-23
KX009907_1,2014-11-19
KX009906_1,2014-10-23
KX009905_1,2014-10-10
KX009904_1,2014-10-10
KX009903_1,2014-09-27
KX009902_1,2014-09-16
KX009901_1,2014-09-07
KX009900_1,2014-09-07
KX009899_1,2014-09-06
KX009898_1,2014-09-06
KX009897_1,2014-09-04
KX009896_1,2014-09-04
KX009895_1,2014-08-27
KX009894_1,2014-08-27
KX009893_1,2014-08-27
KX009892_1,2014-08-27
KX000400_1,2014-03-19
KX000399_1,2014-03-10
KX000398_1,2014-03-10
KT582109_1,2011-07-24
KU321162_1,2012-02-21
KU042955_1,2014-12-03
KU042954_1,2014-12-30
KR075003_1,2014
KR075002_1,2014
KR075001_1,2014
KR075000_1,2015
KR074999_1,2015
KR074998_1,2015
KR074997_1,2015
KR074996_1,2014
KP240935_1,2014-10-13
KP240934_1,2014-10-11
KP240933_1,2014-10-06
KP240932_1,2014-09-26
KP240931_1,2014-09-13
KU182909_1,1995-05-04
KU182908_1,1995-05-04
KU182907_1,1995-05-04
KU182906_1,1995-05-04
KU182905_1,1995-05-04
KU182904_1,1995-05-04
KU182903_1,1995-05-04
KU182902_1,1995-05-04
KU182901_1,1995-05-04
KU182900_1,1995-05-04
KU182899_1,1995-05-04
KU182898_1,1995-05-04
KU052670_1,2015-10-08
KU052669_1,2015-10-08
KT961624_1,2015-05
KT946869_1,2014-12-19
KT345616_1,2015-02-19
KR867676_1,1995-05-04
KR063672_1,1995-04-01
KR063671_1,1976-10-01
KT633511_1,2014-10-13
KT633510_1,2014-10-14
KT633509_1,2014-12-18
KR534526_1,2014-09-15
KR534591_1,2014-10-07
KR534590_1,2014-10-07
KR534589_1,2014-10-04
KR534588_1,2014-08-27
KR534587_1,2014-08-26
KR534586_1,2014-07-24
KR534585_1,2014-10-04
KR534584_1,2014-10-02
KR534583_1,2014-10-02
KR534582_1,2014-09-27
KR534581_1,2014-09-25
KR534580_1,2014-09-25
KR534579_1,2014-09-24
KR534578_1,2014-09-19
KR534577_1,2014-09-18
KR534576_1,2014-10-16
KR534575_1,2014-10-15
KR534574_1,2014-10-25
KR534573_1,2014-10-25
KR534572_1,2014-10-24
KR534571_1,2014-10-24
KR534570_1,2014-10-24
KR534569_1,2014-10-23
KR534568_1,2014-10-24
KR534567_1,2014-10-22
KR534566_1,2014-10-20
KR534565_1,2014-10-18
KR534564_1,2014-10-18
KR534563_1,2014-10-19
KR534562_1,2014-10-18
KR534561_1,2014-10-15
KR534560_1,2014-10-14
KR534559_1,2014-10-14
KR534558_1,2014-10-13
KR534557_1,2014-10-11
KR534556_1,2014-10-10
KR534555_1,2014-10-10
KR534554_1,2014-10-09
KR534553_1,2014-10-09
KR534552_1,2014-10-08
KR534551_1,2014-10-08
KR534550_1,2014-10-08
KR534549_1,2014-10-07
KR534548_1,2014-10-07
KR534547_1,2014-10-07
KR534546_1,2014-10-07
KR534545_1,2014-10-06
KR534544_1,2014-10-04
KR534543_1,2014-10-04
KR534542_1,2014-10-04
KR534541_1,2014-10-04
KR534540_1,2014-10-02
KR534539_1,2014-10-02
KR534538_1,2014-10-02
KR534537_1,2014-09-28
KR534536_1,2014-09-25
KR534535_1,2014-09-25
KR534534_1,2014-09-24
KR534533_1,2014-09-24
KR534532_1,2014-09-22
KR534531_1,2014-09-21
KR534530_1,2014-09-21
KR534529_1,2014-09-21
KR534528_1,2014-09-20
KR534527_1,2014-09-19
KR534525_1,2014-09-14
KR534524_1,2014-09-11
KR534523_1,2014-08-29
KR534522_1,2014-08-28
KR534521_1,2014-08-28
KR534520_1,2014-08-26
KR534519_1,2014-08-22
KR534518_1,2014-08-21
KR534517_1,2014-08-20
KR534516_1,2014-08-19
KR534515_1,2014-08-16
KR534514_1,2014-08-15
KR534513_1,2014-08-14
KR534512_1,2014-08-12
KR534511_1,2014-08-02
KR534510_1,2014-07-27
KR534509_1,2014-07-24
KR534508_1,2014-07-24
KR534507_1,2014-07-24
KR819004_1,2014-08-16
KP701371_1,2014-11-25
KR817206_1,2014-05-07
KR817205_1,2014-05-07
KR817084_1,2014-09-30
KR817245_1,2014-07-12
KR817244_1,2014-07-12
KR817243_1,2014-07-12
KR817242_1,2014-07-10
KR817241_1,2014-07-04
KR817240_1,2014-07-03
KR817239_1,2014-06-29
KR817238_1,2014-06-26
KR817237_1,2014-06-25
KR817236_1,2014-06-24
KR817235_1,2014-06-22
KR817234_1,2014-06-20
KR817233_1,2014-06-20
KR817232_1,2014-06-20
KR817231_1,2014-06-20
KR817230_1,2014-06-20
KR817229_1,2014-06-15
KR817228_1,2014-06-14
KR817227_1,2014-06-13
KR817226_1,2014-06-10
KR817225_1,2014-06-10
KR817224_1,2014-06-09
KR817223_1,2014-06-09
KR817222_1,2014-06-09
KR817221_1,2014-06-09
KR817220_1,2014-06-05
KR817219_1,2014-06-05
KR817218_1,2014-06-01
KR817217_1,2014-05-28
KR817216_1,2014-05-24
KR817215_1,2014-05-24
KR817214_1,2014-05-22
KR817213_1,2014-05-21
KR817212_1,2014-05-21
KR817211_1,2014-05-18
KR817210_1,2014-05-14
KR817209_1,2014-05-11
KR817208_1,2014-05-11
KR817207_1,2014-05-10
KR817204_1,2014-05-01
KR817203_1,2014-04-28
KR817202_1,2014-04-22
KR817201_1,2014-04-18
KR817200_1,2014-04-13
KR817199_1,2014-04-12
KR817198_1,2014-04-11
KR817197_1,2014-04-10
KR817196_1,2014-04-07
KR817195_1,2014-04-04
KR817194_1,2014-04-01
KR817193_1,2014-04-02
KR817192_1,2014-04-03
KR817191_1,2014-04-02
KR817190_1,2014-04-02
KR817189_1,2014-03-27
KR817188_1,2014-03-27
KR817187_1,2014-03-27
KR817186_1,2014-03-30
KR817185_1,2014-03-31
KR817184_1,2014-03-31
KR817183_1,2014-03-31
KR817182_1,2014-03-31
KR817181_1,2014-03-31
KR817180_1,2014-03-28
KR817179_1,2014-03-28
KR817178_1,2014-07-30
KR817177_1,2014-12-18
KR817176_1,2014-12-17
KR817175_1,2014-12-16
KR817174_1,2014-12-14
KR817173_1,2014-12-15
KR817172_1,2014-12-14
KR817171_1,2014-12-14
KR817170_1,2014-12-11
KR817169_1,2014-12-11
KR817168_1,2014-12-09
KR817167_1,2014-12-09
KR817166_1,2014-12-04
KR817165_1,2014-12-03
KR817164_1,2014-12-04
KR817163_1,2014-12-01
KR817162_1,2014-12-01
KR817161_1,2014-11-24
KR817160_1,2014-11-24
KR817159_1,2014-11-13
KR817158_1,2014-11-13
KR817157_1,2014-11-13
KR817156_1,2014-11-08
KR817155_1,2014-11-08
KR817154_1,2014-11-03
KR817153_1,2014-11-03
KR817152_1,2014-11-01
KR817151_1,2014-11-01
KR817150_1,2014-10-29
KR817149_1,2014-10-27
KR817148_1,2014-10-26
KR817147_1,2014-10-23
KR817146_1,2014-10-23
KR817145_1,2014-10-22
KR817144_1,2014-10-19
KR817143_1,2014-10-18
KR817142_1,2014-10-18
KR817141_1,2014-10-18
KR817140_1,2014-10-17
KR817139_1,2014-10-10
KR817138_1,2014-10-10
KR817137_1,2014-10-10
KR817136_1,2014-10-10
KR817135_1,2014-10-10
KR817134_1,2014-08-31
KR817133_1,2014-08-30
KR817132_1,2014-08-30
KR817131_1,2014-08-29
KR817130_1,2014-08-23
KR817129_1,2014-08-22
KR817128_1,2014-08-17
KR817127_1,2014-08-17
KR817126_1,2014-08-16
KR817125_1,2014-08-14
KR817124_1,2014-08-14
KR817123_1,2014-08-08
KR817122_1,2014-08-08
KR817121_1,2014-08-04
KR817120_1,2014-08-04
KR817119_1,2014-08-01
KR817118_1,2014-08-01
KR817117_1,2014-08-01
KR817116_1,2014-08-01
KR817115_1,2014-07-25
KR817114_1,2014-07-26
KR817113_1,2014-07-22
KR817112_1,2014-07-22
KR817111_1,2014-07-22
KR817110_1,2014-07-22
KR817109_1,2014-07-22
KR817108_1,2014-07-22
KR817107_1,2014-07-18
KR817106_1,2015-01-31
KR817105_1,2015-01-27
KR817104_1,2015-01-25
KR817103_1,2015-01-22
KR817102_1,2015-01-15
KR817101_1,2015-01-14
KR817100_1,2015-01-11
KR817099_1,2015-01-04
KR817098_1,2015-01-04
KR817097_1,2015-01-02
KR817096_1,2015-01-02
KR817095_1,2014-12-27
KR817094_1,2014-12-26
KR817093_1,2014-12-24
KR817092_1,2014-12-22
KR817091_1,2014-12-19
KR817090_1,2014-12-20
KR817089_1,2014-10-05
KR817088_1,2014-10-05
KR817087_1,2014-10-01
KR817086_1,2014-10-01
KR817085_1,2014-10-01
KR817083_1,2014-09-29
KR817082_1,2014-09-29
KR817081_1,2014-09-29
KR817080_1,2014-09-22
KR817079_1,2014-09-21
KR817078_1,2014-09-13
KR817077_1,2014-09-13
KR817076_1,2014-09-13
KR817075_1,2014-09-12
KR817074_1,2014-09-09
KR817073_1,2014-09-07
KR817072_1,2014-09-07
KR817071_1,2014-09-04
KR817070_1,2014-09-04
KR817069_1,2014-09-01
KR817068_1,2014-09-01
KR817067_1,2014-09-01
KR653246_1,2014-09-03
KR653305_1,2014-09-21
KR653304_1,2014-11-01
KR653303_1,2014-09-26
KR653302_1,2014-10-23
KR653301_1,2014-10-23
KR653300_1,2014-09-24
KR653299_1,2014-11-15
KR653298_1,2014-10-28
KR653297_1,2014-09-15
KR653296_1,2014-08-29
KR653295_1,2014-11-25
KR653294_1,2014-08-27
KR653293_1,2014-10-10
KR653292_1,2014-11-04
KR653291_1,2014-09-22
KR653290_1,2014-11-26
KR653289_1,2014-10-01
KR653288_1,2014-09-28
KR653287_1,2014-09-03
KR653286_1,2014-09-10
KR653285_1,2014-10-24
KR653284_1,2014-09-26
KR653283_1,2014-10-09
KR653282_1,2014-10-29
KR653281_1,2014-12-26
KR653280_1,2014-09-16
KR653279_1,2014-09-02
KR653278_1,2014-09-07
KR653277_1,2014-10-27
KR653276_1,2014-09-23
KR653275_1,2014-10-25
KR653274_1,2014-10-11
KR653273_1,2014-10-01
KR653272_1,2014-10-26
KR653271_1,2014-11-12
KR653270_1,2014-11-12
KR653269_1,2014-09-18
KR653268_1,2014-10-24
KR653267_1,2014-08-23
KR653266_1,2014-09-25
KR653265_1,2014-08-27
KR653264_1,2014-11-07
KR653263_1,2014-09-05
KR653262_1,2014-10-14
KR653261_1,2014-09-24
KR653260_1,2014-09-28
KR653259_1,2014-11-14
KR653258_1,2014-10-30
KR653257_1,2014-11-05
KR653256_1,2014-11-03
KR653255_1,2014-10-19
KR653254_1,2014-10-18
KR653253_1,2014-11-03
KR653252_1,2014-08-20
KR653251_1,2014-08-22
KR653250_1,2014-09-21
KR653249_1,2014-10-16
KR653248_1,2014-10-31
KR653247_1,2014-10-25
KR653245_1,2014-11-01
KR653244_1,2014-09-21
KR653243_1,2014-11-15
KR653242_1,2014-11-07
KR653241_1,2014-08-24
KR653240_1,2014-11-06
KR653239_1,2014-08-22
KR653238_1,2014-11-08
KR653237_1,2014-11-24
KR653236_1,2014-11-05
KR653235_1,2014-09-04
KR653234_1,2014-10-12
KR653233_1,2014-10-04
KR653232_1,2014-09-23
KR653231_1,2014-11-13
KR653230_1,2014-10-03
KR653229_1,2014-09-23
KR653228_1,2014-11-01
KR653227_1,2014-08-26
KR653226_1,2014-10-18
KR653225_1,2014-10-05
KR653224_1,2014-12-22
KR105345_1,2014-09-27
KR105328_1,2014-09-21
KR105323_1,2014-09-17
KR105302_1,2014-08-25
KR105295_1,2014-08-17
KR105294_1,2014-08-16
KR105282_1,2014-08-13
KR105266_1,2014-08-04
KR105263_1,2014-08-03
KR105253_1,2014-07-20
KR105349_1,2014-09-28
KR105348_1,2014-09-28
KR105347_1,2014-09-27
KR105346_1,2014-09-27
KR105344_1,2014-09-25
KR105343_1,2014-09-25
KR105342_1,2014-09-25
KR105341_1,2014-09-25
KR105340_1,2014-09-25
KR105339_1,2014-09-25
KR105338_1,2014-09-25
KR105337_1,2014-09-25
KR105336_1,2014-09-25
KR105335_1,2014-09-25
KR105334_1,2014-09-25
KR105333_1,2014-09-25
KR105332_1,2014-09-25
KR105331_1,2014-09-22
KR105330_1,2014-09-22
KR105329_1,2014-09-21
KR105327_1,2014-09-16
KR105326_1,2014-09-16
KR105325_1,2014-09-16
KR105324_1,2014-09-18
KR105322_1,2014-09-15
KR105321_1,2014-09-16
KR105320_1,2014-09-16
KR105319_1,2014-09-15
KR105318_1,2014-09-14
KR105317_1,2014-09-13
KR105316_1,2014-09-13
KR105315_1,2014-09-11
KR105314_1,2014-09-11
KR105313_1,2014-09-11
KR105312_1,2014-09-10
KR105311_1,2014-09-08
KR105310_1,2014-09-08
KR105309_1,2014-09-05
KR105308_1,2014-09-05
KR105307_1,2014-09-04
KR105306_1,2014-08-28
KR105305_1,2014-08-28
KR105304_1,2014-08-28
KR105303_1,2014-08-25
KR105301_1,2014-08-22
KR105300_1,2014-08-24
KR105299_1,2014-08-18
KR105298_1,2014-08-19
KR105297_1,2014-08-17
KR105296_1,2014-08-18
KR105293_1,2014-08-16
KR105292_1,2014-08-15
KR105291_1,2014-08-15
KR105290_1,2014-08-15
KR105289_1,2014-08-15
KR105288_1,2014-08-14
KR105287_1,2014-08-14
KR105286_1,2014-08-12
KR105285_1,2014-08-14
KR105284_1,2014-08-14
KR105283_1,2014-08-14
KR105281_1,2014-08-13
KR105280_1,2014-08-13
KR105279_1,2014-08-12
KR105278_1,2014-08-13
KR105277_1,2014-08-12
KR105276_1,2014-08-11
KR105275_1,2014-08-10
KR105274_1,2014-08-10
KR105273_1,2014-08-10
KR105272_1,2014-08-09
KR105271_1,2014-08-05
KR105270_1,2014-08-05
KR105269_1,2014-08-05
KR105268_1,2014-08-05
KR105267_1,2014-08-04
KR105265_1,2014-08-03
KR105264_1,2014-08-03
KR105262_1,2014-08-01
KR105261_1,2014-07-26
KR105260_1,2014-07-22
KR105259_1,2014-08-05
KR105258_1,2014-07-21
KR105257_1,2014-07-21
KR105256_1,2014-07-21
KR105255_1,2014-07-20
KR105254_1,2014-07-20
KR105252_1,2014-07-19
KR105251_1,2014-07-19
KR105250_1,2014-07-19
KR105249_1,2014-07-19
KR105248_1,2014-07-18
KR105247_1,2014-07-18
KR105246_1,2014-07-18
KR105245_1,2014-07-16
KR105244_1,2014-07-16
KR105243_1,2014-07-15
KR105242_1,2014-07-14
KR105241_1,2014-07-09
KR105240_1,2014-07-15
KR105239_1,2014-07-18
KR105238_1,2014-07-14
KR105237_1,2014-07-14
KR105236_1,2014-07-13
KR105235_1,2014-07-14
KR105234_1,2014-07-14
KR105233_1,2014-07-14
KR105232_1,2014-07-14
KR105231_1,2014-07-13
KR105230_1,2014-07-12
KR105229_1,2014-07-12
KR105228_1,2014-07-11
KR105227_1,2014-07-11
KR105226_1,2014-07-11
KR105225_1,2014-07-11
KR105224_1,2014-07-11
KR105223_1,2014-07-11
KR105222_1,2014-07-11
KR105221_1,2014-07-10
KR105220_1,2014-07-11
KR105219_1,2014-07-09
KR105218_1,2014-07-08
KR105217_1,2014-07-08
KR105216_1,2014-07-07
KR105215_1,2014-07-06
KR105214_1,2014-07-04
KR105213_1,2014-07-05
KR105212_1,2014-06-24
KR105211_1,2014-06-25
KR105210_1,2014-06-24
KR105209_1,2014-06-24
KR105208_1,2014-06-22
KR105207_1,2014-06-21
KR105206_1,2014-06-21
KR105205_1,2014-06-19
KR105204_1,2014-06-19
KR105203_1,2014-06-17
KR105202_1,2014-06-18
KR105201_1,2014-06-19
KR105200_1,2014-06-16
KM233049_1,2014-05-31
KR025228_1,2015-03-12
KR006964_1,2014-09-23
KR006963_1,2014-10-01
KR006962_1,2015-02-14
KR006961_1,2015-02-02
KR006960_1,2015-01-20
KR006959_1,2014-12-22
KR006958_1,2014-12-20
KR006956_1,2014-12-10
KR006954_1,2014-12-03
KR006953_1,2014-11-25
KR006952_1,2014-11-22
KR006951_1,2014-11-14
KR006949_1,2014-11-13
KR006948_1,2014-11-10
KR006947_1,2014-11-08
KR006946_1,2014-11-08
KR006945_1,2014-11-08
KR006944_1,2014-11-06
KR006943_1,2014-11-06
KR006942_1,2014-11-06
KR006940_1,2014-11-05
KP260802_1,2014-11-12
KP260801_1,2014-11-21
KP260800_1,2014-11-12
KP260799_1,2014-10-23
KP728283_1,2014-11-21
KM655246_1,1976
KP271020_1,2014-08-20
KP271019_1,2014-08-20
KP271018_1,2014-08-20
KP658432_1,2014-12-29
KP184503_1,2014-08-25
KP120616_1,2014-08-25
KM034563_1,2014-05-28
KM034562_1,2014-05-28
KM034561_1,2014-05-28
KM034560_1,2014-05-28
KM034559_1,2014-05-28
KM034558_1,2014-05-28
KM034557_1,2014-05-27
KM034556_1,2014-05-26
KM034555_1,2014-06-06
KM034554_1,2014-05-27
KM034553_1,2014-05-27
KM034552_1,2014-05-26
KM034551_1,2014-05-26
KM034550_1,2014-05-25
KM034549_1,2014-05-25
KM233118_1,2014-06-12
KM233117_1,2014-06-09
KM233116_1,2014-06-04
KM233115_1,2014-06-18
KM233114_1,2014-06-20
KM233113_1,2014-06-18
KM233112_1,2014-06-18
KM233111_1,2014-06-18
KM233110_1,2014-06-18
KM233109_1,2014-06-18
KM233108_1,2014-06-18
KM233107_1,2014-06-17
KM233106_1,2014-06-17
KM233105_1,2014-06-17
KM233104_1,2014-06-17
KM233103_1,2014-06-16
KM233102_1,2014-06-16
KM233101_1,2014-06-16
KM233100_1,2014-06-16
KM233099_1,2014-06-17
KM233098_1,2014-06-16
KM233097_1,2014-06-15
KM233096_1,2014-06-15
KM233095_1,2014-06-15
KM233094_1,2014-06-15
KM233093_1,2014-06-15
KM233092_1,2014-06-15
KM233091_1,2014-06-15
KM233090_1,2014-06-15
KM233089_1,2014-06-15
KM233088_1,2014-06-17
KM233087_1,2014-06-15
KM233086_1,2014-06-15
KM233085_1,2014-06-15
KM233084_1,2014-06-15
KM233083_1,2014-06-20
KM233082_1,2014-06-15
KM233081_1,2014-06-15
KM233080_1,2014-06-15
KM233079_1,2014-06-15
KM233078_1,2014-06-15
KM233077_1,2014-06-15
KM233076_1,2014-06-14
KM233075_1,2014-06-14
KM233074_1,2014-06-14
KM233073_1,2014-06-14
KM233072_1,2014-06-14
KM233071_1,2014-06-12
KM233070_1,2014-06-14
KM233069_1,2014-06-12
KM233068_1,2014-06-16
KM233067_1,2014-06-15
KM233066_1,2014-06-13
KM233065_1,2014-06-12
KM233064_1,2014-06-14
KM233063_1,2014-06-12
KM233062_1,2014-06-11
KM233061_1,2014-06-10
KM233060_1,2014-06-14
KM233059_1,2014-06-12
KM233058_1,2014-06-10
KM233057_1,2014-06-09
KM233056_1,2014-06-07
KM233055_1,2014-06-07
KM233054_1,2014-06-07
KM233053_1,2014-06-05
KM233052_1,2014-06-13
KM233051_1,2014-06-11
KM233050_1,2014-06-09
KM233048_1,2014-06-09
KM233047_1,2014-06-08
KM233046_1,2014-06-06
KM233045_1,2014-06-04
KM233044_1,2014-06-04
KM233043_1,2014-06-03
KM233042_1,2014-06-03
KM233041_1,2014-06-03
KM233040_1,2014-06-03
KM233039_1,2014-06-03
KM233038_1,2014-06-03
KM233037_1,2014-06-03
KM233036_1,2014-06-02
KM233035_1,2014-06-02
KM519951_1,2014
